{
  "controls": [
    { "control_id": 3,   "code": "A.5.1",  "title": "Information security policy", "source": "baseline", "assurance_status": "planning" },
    { "control_id": 9,   "code": "A.5.2",  "title": "Policy review",               "source": "direct",   "assurance_status": "implemented" },
    { "control_id": 22,  "code": "A.9.1",  "title": "Access control policy",       "source": "provider", "assurance_status": "verified" },
    { "control_id": 73,  "code": "A.12.3", "title": "Backups",                     "source": "provider", "assurance_status": "evidenced" },
    { "control_id": 101, "code": "A.14.2", "title": "Secure development",          "source": "direct",   "assurance_status": "verified" },
    { "control_id": 150, "code": "A.12.1", "title": "Change management",           "source": "baseline", "assurance_status": "planning" }
  ]
}
