{
  "summary": [
    { "version_id": 1, "score": 0.62 },
    { "version_id": 2, "score": 0.41 },
    { "version_id": 3, "score": 0.73 }
  ],
  "versions": {
    "1": {
      "version_id": 1,
      "score": 0.62,
      "requirements": [
        {
          "requirement_id": 101,
          "code": "A.5.1",
          "title": "Information security policies",
          "score": 0.35,
          "hits": [
            {
              "control_id": 3,
              "source": "baseline",
              "assurance_status": "planning",
              "weight_share": 0.25,
              "contribution": 0.05
            }
          ],
          "mapped_but_not_effective": [
            { "control_id": 55, "reason": "not effective at scope" }
          ]
        },
        {
          "requirement_id": 102,
          "code": "A.5.2",
          "title": "Review of policies",
          "score": 0.48,

          "hits": [
            {
              "control_id": 9,
              "source": "direct",
              "assurance_status": "implemented",
              "weight_share": 0.5,
              "contribution": 0.24
            }
          ],
          "mapped_but_not_effective": []
        },
        {
          "requirement_id": 133,
          "code": "A.9.1",
          "title": "Access control policy",
          "score": 0.43,
          "hits": [
            {
              "control_id": 22,
              "source": "provider",
              "assurance_status": "verified",
              "weight_share": 0.33,
              "contribution": 0.14
            }
          ],
          "mapped_but_not_effective": [
            { "control_id": 88, "reason": "lower precedence at scope" }
          ]
        },
        {
          "requirement_id": 201,
          "code": "A.12.3",
          "title": "Backup",
          "score": 0.22,
          "hits": []
        },
        {
          "requirement_id": 205,
          "code": "A.12.4",
          "title": "Logging and monitoring",
          "score": 0.31,
          "hits": [],
          "mapped_but_not_effective": [
            {
              "control_id": 73,
              "reason": "candidate lost to provider at service layer"
            }
          ]
        },
        {
          "requirement_id": 301,
          "code": "A.14.2",
          "title": "Secure development",
          "score": 0.55,
          "hits": [
            {
              "control_id": 101,
              "source": "direct",
              "assurance_status": "verified",
              "weight_share": 0.7,
              "contribution": 0.49
            }
          ],
          "mapped_but_not_effective": [
            {
              "control_id": 102,
              "reason": "mapping present but status = planning at higher scope"
            }
          ]
        }
      ]
    },
    "2": {
      "version_id": 2,
      "score": 0.41,
      "requirements": [
        {
          "requirement_id": 901,
          "code": "Art.5",
          "title": "Principles relating to processing",
          "score": 0.38,
          "hits": []
        },
        {
          "requirement_id": 902,
          "code": "Art.30",
          "title": "Records of processing",
          "score": 0.44,
          "hits": [
            {
              "control_id": 150,
              "source": "direct",
              "assurance_status": "implemented",
              "weight_share": 0.5,
              "contribution": 0.2
            }
          ]
        }
      ]
    },
    "3": {
      "version_id": 3,
      "score": 0.73,
      "requirements": [
        {
          "requirement_id": 701,
          "code": "8.1",
          "title": "Operational procedures",
          "score": 0.7,
          "hits": []
        }
      ]
    }
  }
}
