{
  "services": [
    {
      "id": 1,
      "name": "ERP Cloud (SAP S/4HANA)",
      "provider": "SAP",
      "inheritance_type": "direct",
      "responsibility": "shared",
      "description": "Core finance and logistics on SAP S/4HANA Cloud.",
      "controls": [
        { "control_id": 73, "code": "A.12.3", "title": "Backups", "source": "provider", "assurance_status": "evidenced", "notes": "Quarterly restore tests" },
        { "control_id": 22, "code": "A.9.1",  "title": "Access control", "source": "provider", "assurance_status": "verified" }
      ],
      "affected_scopes": ["entity:1", "bu:10", "asset_group:100"]
    },
    {
      "id": 2,
      "name": "Email (Microsoft 365)",
      "provider": "Microsoft",
      "inheritance_type": "direct",
      "responsibility": "shared",
      "description": "Exchange Online + Defender for Office 365.",
      "controls": [
        { "control_id": 205, "code": "A.12.4", "title": "Logging & monitoring", "source": "provider", "assurance_status": "verified" },
        { "control_id": 301, "code": "A.14.2", "title": "Secure development", "source": "baseline", "assurance_status": "planning" }
      ],
      "affected_scopes": ["entity:1", "bu:11", "site:201"]
    }
  ]
}
