{
  "risks": [
    {
      "id": 501,
      "title": "Ransomware on ERP",
      "category": "Cyber",
      "owner": "Ops",
      "status": "Analyzing",
      "likelihood": 4,
      "impact": 5,
      "inherent_score": 20,
      "residual_score": 12,
      "residual_level": 4,
      "tags": ["Critical", "PII"],
      "trend": [18, 18, 17, 16, 15, 14, 14, 13, 13, 12, 12, 12],
      "linked_controls": [
        {
          "control_id": 73,
          "code": "A.12.3",
          "title": "Backups",
          "source": "provider",
          "assurance_status": "evidenced",
          "contribution": 0.25
        },
        {
          "control_id": 22,
          "code": "A.9.1",
          "title": "Access control",
          "source": "provider",
          "assurance_status": "verified",
          "contribution": 0.15
        }
      ],
      "impacted_requirements": [
        {
          "version_id": 1,
          "items": [
            {
              "requirement_id": 205,
              "code": "A.12.4",
              "title": "Logging and monitoring",
              "contribution": 0.2,
              "contributed_by": [73]
            },
            {
              "requirement_id": 133,
              "code": "A.9.1",
              "title": "Access control policy",
              "contribution": 0.14,
              "contributed_by": [22]
            }
          ]
        },
        {
          "version_id": 2,
          "items": [
            {
              "requirement_id": 901,
              "code": "Art.5",
              "title": "Principles relating to processing",
              "contribution": 0.18,
              "contributed_by": [22, 73]
            }
          ]
        }
      ]
    },
    {
      "id": 502,
      "title": "Privilege escalation",
      "category": "Cyber",
      "owner": "R&D",
      "status": "Proposed",
      "likelihood": 3,
      "impact": 4,
      "inherent_score": 12,
      "residual_score": 8,
      "residual_level": 3,
      "tags": ["Internal"],
      "trend": [10, 10, 10, 10, 9, 9, 9, 8, 8, 8, 8, 8],
      "linked_controls": [
        {
          "control_id": 101,
          "code": "A.14.2",
          "title": "Secure development",
          "source": "direct",
          "assurance_status": "verified",
          "contribution": 0.2
        }
      ],
      "impacted_requirements": [
        {
          "version_id": 1,
          "items": [
            {
              "requirement_id": 205,
              "code": "A.12.4",
              "title": "Logging and monitoring",
              "contribution": 0.2,
              "contributed_by": [73]
            },
            {
              "requirement_id": 133,
              "code": "A.9.1",
              "title": "Access control policy",
              "contribution": 0.14,
              "contributed_by": [22]
            }
          ]
        },
        {
          "version_id": 2,
          "items": [
            {
              "requirement_id": 901,
              "code": "Art.5",
              "title": "Principles relating to processing",
              "contribution": 0.08,
              "contributed_by": [22, 73]
            }
          ]
        }
      ]
    },
    {
      "id": 503,
      "title": "Vendor outage (Email)",
      "category": "Continuity",
      "owner": "IT",
      "status": "Approved",
      "likelihood": 2,
      "impact": 4,
      "inherent_score": 8,
      "residual_score": 4,
      "residual_level": 2,
      "tags": ["Provider"],
      "trend": [6, 6, 6, 6, 5, 5, 5, 5, 4, 4, 4, 4],
      "linked_controls": [
        {
          "control_id": 9,
          "code": "A.5.2",
          "title": "Policy review",
          "source": "direct",
          "assurance_status": "implemented",
          "contribution": 0.1
        }
      ],
      "impacted_requirements": [
        {
          "version_id": 1,
          "items": [
            {
              "requirement_id": 205,
              "code": "A.12.4",
              "title": "Logging and monitoring",
              "contribution": 0.2,
              "contributed_by": [73]
            },
            {
              "requirement_id": 133,
              "code": "A.9.1",
              "title": "Access control policy",
              "contribution": 0.14,
              "contributed_by": [22]
            }
          ]
        },
        {
          "version_id": 2,
          "items": [
            {
              "requirement_id": 901,
              "code": "Art.5",
              "title": "Principles relating to processing",
              "contribution": 0.08,
              "contributed_by": [22, 73]
            }
          ]
        }
      ]
    }
  ],
  "appetite": { "target_level": 2 }
}
